{"cameraMode":{"drawMode":0,"name":"Shaded","section":"Shading Mode"},"sceneLighting":false,"audioPlay":false,"sceneViewState":{"m_AlwaysRefresh":false,"showFog":true,"showSkybox":false,"showFlares":true,"showImageEffects":true,"showParticleSystems":true,"showVisualEffectGraphs":true,"m_FxEnabled":false},"in2DMode":false,"pivot":{"x":0.19941949844360352,"y":0.9555305242538452,"z":-8.319499015808106},"rotation":{"x":-0.05249612033367157,"y":0.7143524885177612,"z":-0.053897738456726077,"w":-0.6957378387451172},"size":1.0220379829406739,"orthographic":false}