{"cameraMode":{"drawMode":0,"name":"Shaded","section":"Shading Mode"},"sceneLighting":true,"audioPlay":false,"sceneViewState":{"m_AlwaysRefresh":false,"showFog":true,"showSkybox":true,"showFlares":true,"showImageEffects":true,"showParticleSystems":true,"showVisualEffectGraphs":true,"m_FxEnabled":false},"in2DMode":false,"pivot":{"x":-0.08459116518497467,"y":2.4143621921539308,"z":11.776827812194825},"rotation":{"x":0.18927380442619325,"y":0.062119487673044208,"z":-0.012002803385257721,"w":0.9798909425735474},"size":5.237126350402832,"orthographic":false}