{"cameraMode":{"drawMode":0,"name":"Shaded","section":"Shading Mode"},"sceneLighting":false,"audioPlay":false,"sceneViewState":{"m_AlwaysRefresh":false,"showFog":true,"showSkybox":false,"showFlares":true,"showImageEffects":true,"showParticleSystems":true,"showVisualEffectGraphs":true,"m_FxEnabled":false},"in2DMode":false,"pivot":{"x":-0.48851609230041506,"y":-0.22095578908920289,"z":1.183144450187683},"rotation":{"x":-0.17356008291244508,"y":0.7297479510307312,"z":-0.20102804899215699,"w":-0.6300340890884399},"size":0.9554709196090698,"orthographic":false}